{
	"pages": [ //pages数组中第一项表示应用启动页，参考：https://uniapp.dcloud.io/collocation/pages
		{
		    "path" : "pages/cover/cover",
		    "style" : {
				"navigationBarTitleText": "预核保"
			}
		},
		{
			"path" : "pages/result/result",
			"style" : {
				"navigationBarTextStyle": "white",
				"navigationBarTitleText": "核保意见书",
				"navigationBarBackgroundColor": "#2AB2FE"
			}
		},
		{
			"path" : "pages/insure/insure",
			"style": {
				"navigationBarTitleText": "添加疾病名称"
			}
		},
	
		{
			"path": "pages/search/search",
			"style": {
				"navigationBarTitleText": "添加疾病名称"
			}
		},	
		{
			"path": "pages/index/index",
			"style": {
				"navigationBarTitleText": "添加疾病名称"
			}
		},
	
	
		{
            "path" : "pages/detail/detail",
            "style" : {
				"navigationBarTitleText": "疾病分析详情页"
			}
        },
		{
			"path": "pages/list/list",
			"style": {
				"navigationBarTitleText": "添加疾病名称"
			}
		}
        ,{
            "path" : "pages/product/product",
            "style" : {}
        },
		{
            "path" : "pages/wxpay/wxpay",
            "style" : {}
        }
    ],
	"globalStyle": {
		"navigationBarTextStyle": "black",
		"navigationBarTitleText": "添加疾病名称",
		"navigationBarBackgroundColor": "#ffffff",
		"backgroundColor": "#ffffff"
	},
	"condition" : { //模式配置，仅开发期间生效
		"current": 0, //当前激活的模式(list 的索引项)
		"list": [
			{
				"name": "", //模式名称
				"path": "", //启动页面，必选
				"query": "" //启动参数，在页面的onLoad函数里面得到
			}
		]
	}
}
